"","question","statement"
"#H",0.167776664383353,-0.167776664383353
"bg",0.444373407873785,0.555626592126215
"H#",0.161511415126328,-0.161511415126327
"L#",-0.235372398445748,0.235372398445748
"empty",-0.0839413660379001,0.0839413660379002
"#L",0.218433959311431,-0.218433959311431
